id;uuid;filename;file_type;file_size;create_date;file_path;version;mime
1;10d49180-8490-4fb9-ab79-70952d0d962d;enable reboot Generic;FOLDER;4896;2023-01-06;Eritrea online holistic;Account;Operations Plastic
2;5607b032-6979-4905-bb8a-f793aa240850;Wooden online;FILE;38969;2023-01-05;blue Granite Mandatory;seize seize;back-end
3;5164660e-bf7b-4152-b6c2-b24c56f553a3;e-business Home Knolls;LINK;59242;2023-01-06;Function-based Nebraska Tala;Account Greenland;Towels Customer Chips
4;9986614c-9140-4dc1-b8e6-b1d579f7bf96;Loan Sri;FOLDER;64571;2023-01-05;24/7;THX;panel Outdoors
5;fda104b8-9f1a-4a61-9060-4a3cd8064731;Franc;LINK;23681;2023-01-05;Agent;Rubber Shoes;Connecticut RAM
6;0bad7b3b-63bb-4ef1-aa06-332ab38373f6;Cotton Jewelery Plastic;LINK;42964;2023-01-06;mobile management;Loan;Loan structure Shoes
7;d3bb5bec-96c8-4674-bc37-6bc889cfae33;visionary experiences infrastructures;LINK;57660;2023-01-06;California;Lodge Account;cyan Latvia
8;2f3eb7c6-202b-486a-a9f7-ac3381d673c1;Arabia;LINK;45777;2023-01-05;gold override;Maine calculating multi-byte;wireless
9;96932106-d694-4e72-84d4-22f218bea8e4;generation;LINK;36610;2023-01-06;copying Iowa;web-enabled Assistant;asynchronous
10;025ee438-296c-4138-9e78-e76161a9e5f4;harness;FILE;67841;2023-01-05;Rubber;Web Azerbaijan;Gorgeous Representative
